N,P,K,temperature,humidity,ph,rainfall,label
90,42.0,43.0,20.879744,82.002744,6.502985,202.935536,rice
85,,41.0,21.770462,80.319644,7.038096,226.655537,rice
60,55.0,,23.004459,82.320763,7.840207,263.964248,rice
74,35.0,40.0,26.491096,,,242.864034,chickpea
78,42.0,42.0,20.130175,81.604873,6.76535,,
104,18.0,30.0,23.603016,60.396475,,140.937041,maize
95,25.0,28.0,25.1,65.2,6.2,150.5,maize