N,P,K,temperature,humidity,ph,rainfall,label
90,42,43,20.879744,82.002744,6.502985,202.935536,rice
90,42,43,20.879744,82.002744,6.502985,202.935536,rice
85,58,41,21.770462,80.319644,7.038096,226.655537,rice
74,35,40,26.491096,80.158363,6.980412,242.864034,chickpea
74,35,40,26.491096,80.158363,6.980412,242.864034,chickpea
74,35,40,26.491096,80.158363,6.980412,242.864034,chickpea
104,18,30,23.603016,60.396475,6.678124,140.937041,maize