N,P,K,temperature,humidity,ph,rainfall,label
90,42,43,20.879744,82.002744,6.502985,202.935536,rice
85,,41,21.770462,80.319644,7.038096,226.655537,rice
85,,41,21.770462,80.319644,7.038096,226.655537,rice
60,55,-50,23.004459,82.320763,7.840207,263.964248,rice
74,35,40,1000.0,,,242.864034,rice
104,18,30,23.603016,60.396475,6.678124,999.0,rice